link_team,club_team,link_lega,nome_lega
/it/team/241/fc-barcellona/,FC Barcellona,/it/teams/?league=53,LaLiga Santander
/it/team/243/real-madrid/,Real Madrid,/it/teams/?league=53,LaLiga Santander
/it/team/45/juventus/,Juventus,/it/teams/?league=31,Serie A TIM
/it/team/10/manchester-city/,Manchester City,/it/teams/?league=13,Premier League
/it/team/21/bayern-monaco/,Bayern Monaco,/it/teams/?league=19,Bundesliga
/it/team/73/psg/,PSG,/it/teams/?league=16,Ligue 1 Conforama
/it/team/240/atl%C3%A9tico-madrid/,Atlético Madrid,/it/teams/?league=53,LaLiga Santander
/it/team/18/tottenham/,Tottenham,/it/teams/?league=13,Premier League
/it/team/9/liverpool/,Liverpool,/it/teams/?league=13,Premier League
/it/team/5/chelsea/,Chelsea,/it/teams/?league=13,Premier League
/it/team/48/napoli/,Napoli,/it/teams/?league=31,Serie A TIM
/it/team/11/manchester-utd/,Manchester Utd,/it/teams/?league=13,Premier League
/it/team/44/inter/,Inter,/it/teams/?league=31,Serie A TIM
/it/team/1/arsenal/,Arsenal,/it/teams/?league=13,Premier League
/it/team/22/bor-dortmund/,Bor. Dortmund,/it/teams/?league=19,Bundesliga
/it/team/46/lazio/,Lazio,/it/teams/?league=31,Serie A TIM
/it/team/52/roma/,Roma,/it/teams/?league=31,Serie A TIM
/it/team/481/siviglia-fc/,Siviglia FC,/it/teams/?league=53,LaLiga Santander
/it/team/32/leverkusen/,Leverkusen,/it/teams/?league=19,Bundesliga
/it/team/461/valencia-cf/,Valencia CF,/it/teams/?league=53,LaLiga Santander
/it/team/47/milan/,Milan,/it/teams/?league=31,Serie A TIM
/it/team/236/porto/,Porto,/it/teams/?league=308,Liga NOS
/it/team/245/ajax/,Ajax,/it/teams/?league=10,Eredivisie
/it/team/449/real-betis/,Real Betis,/it/teams/?league=53,LaLiga Santander
/it/team/69/as-monaco/,AS Monaco,/it/teams/?league=16,Ligue 1 Conforama
/it/team/112172/rb-lipsia/,RB Lipsia,/it/teams/?league=19,Bundesliga
/it/team/66/ol/,OL,/it/teams/?league=16,Ligue 1 Conforama
/it/team/448/athletic-bilbao/,Athletic Bilbao,/it/teams/?league=53,LaLiga Santander
/it/team/23/mgladbach/,M'gladbach,/it/teams/?league=19,Bundesliga
/it/team/19/west-ham-utd/,West Ham Utd,/it/teams/?league=13,Premier League
/it/team/234/benfica/,Benfica,/it/teams/?league=308,Liga NOS
/it/team/483/villarreal-cf/,Villarreal CF,/it/teams/?league=53,LaLiga Santander
/it/team/7/everton/,Everton,/it/teams/?league=13,Premier League
/it/team/1824/e-francoforte/,E. Francoforte,/it/teams/?league=19,Bundesliga
/it/team/219/olym-marsiglia/,Olym. Marsiglia,/it/teams/?league=16,Ligue 1 Conforama
/it/team/457/real-sociedad/,Real Sociedad,/it/teams/?league=53,LaLiga Santander
/it/team/237/sporting/,Sporting,/it/teams/?league=308,Liga NOS
/it/team/10029/hoffenheim/,Hoffenheim,/it/teams/?league=19,Bundesliga
/it/team/95/leicester-city/,Leicester City,/it/teams/?league=13,Premier League
/it/team/175/wolfsburg/,Wolfsburg,/it/teams/?league=19,Bundesliga
/it/team/34/schalke/,Schalke,/it/teams/?league=19,Bundesliga
/it/team/39/atalanta/,Atalanta,/it/teams/?league=31,Serie A TIM
/it/team/54/torino/,Torino,/it/teams/?league=31,Serie A TIM
/it/team/247/psv/,PSV,/it/teams/?league=10,Eredivisie
/it/team/450/celta-vigo/,Celta Vigo,/it/teams/?league=53,LaLiga Santander
/it/team/327/be%C5%9Fikta%C5%9F/,Beşiktaş,/it/teams/?league=68,Süper Lig
/it/team/1799/crystal-palace/,Crystal Palace,/it/teams/?league=13,Premier League
/it/team/467/sd-eibar/,SD Eibar,/it/teams/?league=53,LaLiga Santander
/it/team/1943/bournemouth/,Bournemouth,/it/teams/?league=13,Premier League
/it/team/110062/girona/,Girona,/it/teams/?league=53,LaLiga Santander
/it/team/1860/getafe-cf/,Getafe CF,/it/teams/?league=53,LaLiga Santander
/it/team/1795/watford/,Watford,/it/teams/?league=13,Premier League
/it/team/1877/buenos-aires/,Buenos Aires,/it/teams/?league=353,SAF
/it/team/100765/lokomotiv-mosca/,Lokomotiv Mosca,/it/teams/?league=76,Resto del mondo
/it/team/452/rcd-espanyol/,RCD Espanyol,/it/teams/?league=53,LaLiga Santander
/it/team/166/hertha-berlino/,Hertha Berlino,/it/teams/?league=19,Bundesliga
/it/team/1796/burnley/,Burnley,/it/teams/?league=13,Premier League
/it/team/13/newcastle-utd/,Newcastle Utd,/it/teams/?league=13,Premier League
/it/team/110/wolves/,Wolves,/it/teams/?league=13,Premier League
/it/team/38/werder-brema/,Werder Brema,/it/teams/?league=19,Bundesliga
/it/team/1837/sampdoria/,Sampdoria,/it/teams/?league=31,Serie A TIM
/it/team/101085/racing-club/,Racing Club,/it/teams/?league=353,SAF
/it/team/110374/fiorentina/,Fiorentina,/it/teams/?league=31,Serie A TIM
/it/team/1876/river-plate/,River Plate,/it/teams/?league=353,SAF
/it/team/101014/medipol-ba%C5%9Fak%C5%9Fehir/,Medipol Başakşehir,/it/teams/?league=68,Süper Lig
/it/team/1896/sc-braga/,SC Braga,/it/teams/?league=308,Liga NOS
/it/team/1853/levante-ud/,Levante UD,/it/teams/?league=53,LaLiga Santander
/it/team/31/1-fc-colonia/,1. FC Colonia,/it/teams/?league=20,Bundesliga 2
/it/team/1808/brighton/,Brighton,/it/teams/?league=13,Premier League
/it/team/463/d-alav%C3%A9s/,D. Alavés,/it/teams/?league=53,LaLiga Santander
/it/team/1819/as-saint-%C3%A9tienne/,AS Saint-Étienne,/it/teams/?league=16,Ligue 1 Conforama
/it/team/325/galatasaray/,Galatasaray,/it/teams/?league=68,Süper Lig
/it/team/326/fenerbah%C3%A7e/,Fenerbahçe,/it/teams/?league=68,Süper Lig
/it/team/65/losc-lille/,LOSC Lille,/it/teams/?league=16,Ligue 1 Conforama
/it/team/36/stoccarda/,Stoccarda,/it/teams/?league=19,Bundesliga
/it/team/17/southampton/,Southampton,/it/teams/?league=13,Premier League
/it/team/144/fulham/,Fulham,/it/teams/?league=13,Premier League
/it/team/1970/tigres/,Tigres,/it/teams/?league=341,LIGA Bancomer MX
/it/team/246/feyenoord/,Feyenoord,/it/teams/?league=10,Eredivisie
/it/team/74/stade-rennais/,Stade Rennais,/it/teams/?league=16,Ligue 1 Conforama
/it/team/1032/monterrey/,Monterrey,/it/teams/?league=341,LIGA Bancomer MX
/it/team/189/bologna/,Bologna,/it/teams/?league=31,Serie A TIM
/it/team/55/udinese/,Udinese,/it/teams/?league=31,Serie A TIM
/it/team/231/club-brugge/,Club Brugge,/it/teams/?league=4,Pro League
/it/team/1842/cagliari/,Cagliari,/it/teams/?league=31,Serie A TIM
/it/team/100767/spartak-mosca/,Spartak Mosca,/it/teams/?league=76,Resto del mondo
/it/team/111974/sassuolo/,Sassuolo,/it/teams/?league=31,Serie A TIM
/it/team/101059/shakhtar-donetsk/,Shakhtar Donetsk,/it/teams/?league=76,Resto del mondo
/it/team/70/montpellier-hsc/,Montpellier HSC,/it/teams/?league=16,Ligue 1 Conforama
/it/team/169/mainz/,Mainz,/it/teams/?league=19,Bundesliga
/it/team/100888/cd-legan%C3%A9s/,CD Leganés,/it/teams/?league=53,LaLiga Santander
/it/team/1629/gr%C3%AAmio/,Grêmio,/it/teams/?league=7,Liga do Brasil
/it/team/72/ogc-nizza/,OGC Nizza,/it/teams/?league=16,Ligue 1 Conforama
/it/team/110093/independiente/,Independiente,/it/teams/?league=353,SAF
/it/team/280/olympiacos-cfp/,Olympiacos CFP,/it/teams/?league=76,Resto del mondo
/it/team/71/fc-nantes/,FC Nantes,/it/teams/?league=16,Ligue 1 Conforama
/it/team/393/paok/,PAOK,/it/teams/?league=76,Resto del mondo
/it/team/101047/dinamo-kiev/,Dinamo Kiev,/it/teams/?league=76,Resto del mondo
/it/team/605/al-hilal/,Al Hilal,/it/teams/?league=350,Saudi Professional League
/it/team/480/rayo-vallecano/,Rayo Vallecano,/it/teams/?league=53,LaLiga Santander
/it/team/1035/atl%C3%A9tico-mineiro/,Atlético Mineiro,/it/teams/?league=7,Liga do Brasil
/it/team/673/krc-genk/,KRC Genk,/it/teams/?league=4,Pro League
/it/team/110556/genoa/,Genoa,/it/teams/?league=31,Serie A TIM
/it/team/112791/spal/,SPAL,/it/teams/?league=31,Serie A TIM
/it/team/25/friburgo/,Friburgo,/it/teams/?league=19,Bundesliga
/it/team/59/giron-bordeaux/,Giron. Bordeaux,/it/teams/?league=16,Ligue 1 Conforama
/it/team/1879/am%C3%A9rica/,América,/it/teams/?league=341,LIGA Bancomer MX
/it/team/191/rb-salisburgo/,RB Salisburgo,/it/teams/?league=80,Ö. Bundesliga
/it/team/462/real-valladolid/,Real Valladolid,/it/teams/?league=53,LaLiga Santander
/it/team/1048/internacional/,Internacional,/it/teams/?league=7,Liga do Brasil
/it/team/485/hannover-96/,Hannover 96,/it/teams/?league=19,Bundesliga
/it/team/76/strasburgo/,Strasburgo,/it/teams/?league=16,Ligue 1 Conforama
/it/team/78/celtic/,Celtic,/it/teams/?league=50,Scottish Prem
/it/team/315/cska-mosca/,CSKA Mosca,/it/teams/?league=76,Resto del mondo
/it/team/379/stade-de-reims/,Stade de Reims,/it/teams/?league=16,Ligue 1 Conforama
/it/team/1939/huddersfield/,Huddersfield,/it/teams/?league=13,Premier League
/it/team/1887/v-guimar%C3%A3es/,V. Guimarães,/it/teams/?league=308,Liga NOS
/it/team/1530/angers-sco/,Angers SCO,/it/teams/?league=16,Ligue 1 Conforama
/it/team/100409/augsburg/,Augsburg,/it/teams/?league=19,Bundesliga
/it/team/1809/tolosa-fc/,Tolosa FC,/it/teams/?league=16,Ligue 1 Conforama
/it/team/62/ea-guingamp/,EA Guingamp,/it/teams/?league=16,Ligue 1 Conforama
/it/team/242/rc-deportivo/,RC Deportivo,/it/teams/?league=54,LaLiga 1 I 2 I 3
/it/team/278/aek-atene/,AEK Atene,/it/teams/?league=76,Resto del mondo
/it/team/110839/sd-huesca/,SD Huesca,/it/teams/?league=53,LaLiga Santander
/it/team/229/rsc-anderlecht/,RSC Anderlecht,/it/teams/?league=4,Pro League
/it/team/50/parma/,Parma,/it/teams/?league=31,Serie A TIM
/it/team/109/west-bromwich/,West Bromwich,/it/teams/?league=14,EFL Championship
/it/team/86/rangers/,Rangers,/it/teams/?league=50,Scottish Prem
/it/team/896/fc-basilea/,FC Basilea,/it/teams/?league=189,RSL
/it/team/192/chievo-verona/,Chievo Verona,/it/teams/?league=31,Serie A TIM
/it/team/1906/az/,AZ,/it/teams/?league=10,Eredivisie
/it/team/266/slavia-praga/,Slavia Praga,/it/teams/?league=76,Resto del mondo
/it/team/1816/amiens/,Amiens,/it/teams/?league=16,Ligue 1 Conforama
/it/team/1961/cardiff-city/,Cardiff City,/it/teams/?league=13,Premier League
/it/team/1878/cruz-azul/,Cruz Azul,/it/teams/?league=341,LIGA Bancomer MX
/it/team/568/cruzeiro/,Cruzeiro,/it/teams/?league=7,Liga do Brasil
/it/team/8/leeds-utd/,Leeds Utd,/it/teams/?league=14,EFL Championship
/it/team/224/n%C3%AEmes-olympique/,Nîmes Olympique,/it/teams/?league=16,Ligue 1 Conforama
/it/team/232/standard-li%C3%A8ge/,Standard Liège,/it/teams/?league=4,Pro League
/it/team/110636/f-d%C3%BCsseldorf/,F. Düsseldorf,/it/teams/?league=19,Bundesliga
/it/team/573/m%C3%A1laga-cf/,Málaga CF,/it/teams/?league=54,LaLiga 1 I 2 I 3
/it/team/567/fluminense/,Fluminense,/it/teams/?league=7,Liga do Brasil
/it/team/112885/atlanta-united/,Atlanta United,/it/teams/?league=39,MLS
/it/team/1882/toluca/,Toluca,/it/teams/?league=341,LIGA Bancomer MX
/it/team/1792/norwich-city/,Norwich City,/it/teams/?league=14,EFL Championship
/it/team/101101/junior/,Junior,/it/teams/?league=336,Liga Dimayor
/it/team/110980/cd-vi%C3%B1azur/,CD Viñazur,/it/teams/?league=335,Camp. Scotiabank
/it/team/1746/empoli/,Empoli,/it/teams/?league=31,Serie A TIM
/it/team/472/ud-las-palmas/,UD Las Palmas,/it/teams/?league=54,LaLiga 1 I 2 I 3
/it/team/2/aston-villa/,Aston Villa,/it/teams/?league=14,EFL Championship
/it/team/171/norimberga/,Norimberga,/it/teams/?league=19,Bundesliga
/it/team/110569/dijon-fco/,Dijon FCO,/it/teams/?league=16,Ligue 1 Conforama
/it/team/110147/pachuca/,Pachuca,/it/teams/?league=341,LIGA Bancomer MX
/it/team/110144/santos-laguna/,Santos Laguna,/it/teams/?league=341,LIGA Bancomer MX
/it/team/517/botafogo/,Botafogo,/it/teams/?league=7,Liga do Brasil
/it/team/110468/viktoria-plze%C5%88/,Viktoria Plzeň,/it/teams/?league=76,Resto del mondo
/it/team/14/nottm-forest/,Nott'm Forest,/it/teams/?league=14,EFL Championship
/it/team/110975/uni-cat%C3%B3lica/,Uni. Católica,/it/teams/?league=335,Camp. Scotiabank
/it/team/111657/frosinone/,Frosinone,/it/teams/?league=31,Serie A TIM
/it/team/211/dinamo-zagabria/,Dinamo Zagabria,/it/teams/?league=76,Resto del mondo
/it/team/1806/stoke-city/,Stoke City,/it/teams/?league=14,EFL Championship
/it/team/112139/al-nassr/,Al Nassr,/it/teams/?league=350,Saudi Professional League
/it/team/1794/sheffield-utd/,Sheffield Utd,/it/teams/?league=14,EFL Championship
/it/team/1013/san-lorenzo/,San Lorenzo,/it/teams/?league=353,SAF
/it/team/1909/vitesse/,Vitesse,/it/teams/?league=10,Eredivisie
/it/team/28/amburgo-sv/,Amburgo SV,/it/teams/?league=20,Bundesliga 2
/it/team/459/sporting-gij%C3%B3n/,Sporting Gijón,/it/teams/?league=54,LaLiga 1 I 2 I 3
/it/team/110406/col%C3%B3n/,Colón,/it/teams/?league=353,SAF
/it/team/1900/moreirense/,Moreirense,/it/teams/?league=308,Liga NOS
/it/team/674/kaa-gent/,KAA Gent,/it/teams/?league=4,Pro League
/it/team/1903/fc-utrecht/,FC Utrecht,/it/teams/?league=10,Eredivisie
/it/team/230/royal-antwerp-fc/,Royal Antwerp FC,/it/teams/?league=4,Pro League
/it/team/101026/g%C3%B6ztepe/,Göztepe,/it/teams/?league=68,Süper Lig
/it/team/111710/defensa/,Defensa,/it/teams/?league=353,SAF
/it/team/12/middlesbrough/,Middlesbrough,/it/teams/?league=14,EFL Championship
/it/team/210/sm-caen/,SM Caen,/it/teams/?league=16,Ligue 1 Conforama
/it/team/110781/le%C3%B3n/,León,/it/teams/?league=341,LIGA Bancomer MX
/it/team/697/la-galaxy/,LA Galaxy,/it/teams/?league=39,MLS
/it/team/688/d-c-united/,D.C. United,/it/teams/?league=39,MLS
/it/team/112387/al-ahli/,Al Ahli,/it/teams/?league=350,Saudi Professional League
/it/team/110395/lan%C3%BAs/,Lanús,/it/teams/?league=353,SAF
/it/team/900/bsc-young-boys/,BSC Young Boys,/it/teams/?league=189,RSL
/it/team/113142/alanyaspor/,Alanyaspor,/it/teams/?league=68,Süper Lig
/it/team/436/trabzonspor/,Trabzonspor,/it/teams/?league=68,Süper Lig
/it/team/101088/v%C3%A9lez-sarsfield/,Vélez Sarsfield,/it/teams/?league=353,SAF
/it/team/1880/guadalajara/,Guadalajara,/it/teams/?league=341,LIGA Bancomer MX
/it/team/607/al-ittihad/,Al Ittihad,/it/teams/?league=350,Saudi Professional League
/it/team/111711/hurac%C3%A1n/,Huracán,/it/teams/?league=353,SAF
/it/team/110580/rosario-central/,Rosario Central,/it/teams/?league=353,SAF
/it/team/1053/santos/,Santos,/it/teams/?league=7,Liga do Brasil
/it/team/101037/%C3%A7aykur-rizespor/,Çaykur Rizespor,/it/teams/?league=68,Süper Lig
/it/team/1884/panathinaikos/,Panathinaikos,/it/teams/?league=76,Resto del mondo
/it/team/742/bursaspor/,Bursaspor,/it/teams/?league=68,Süper Lig
/it/team/1960/swansea-city/,Swansea City,/it/teams/?league=14,EFL Championship
/it/team/689/ny-red-bulls/,NY Red Bulls,/it/teams/?league=39,MLS
/it/team/1968/cadice/,Cadice,/it/teams/?league=54,LaLiga 1 I 2 I 3
/it/team/111144/seattle-sounders/,Seattle Sounders,/it/teams/?league=39,MLS
/it/team/1719/vit%C3%B3ria/,Vitória,/it/teams/?league=7,Liga do Brasil
/it/team/111678/tijuana/,Tijuana,/it/teams/?league=341,LIGA Bancomer MX
/it/team/696/sporting-kc/,Sporting KC,/it/teams/?league=39,MLS
/it/team/479/ca-osasuna/,CA Osasuna,/it/teams/?league=54,LaLiga 1 I 2 I 3
/it/team/111839/guangzhou/,Guangzhou,/it/teams/?league=2012,CSL
/it/team/111339/kasimpa%C5%9Fa/,Kasimpaşa,/it/teams/?league=68,Süper Lig
/it/team/91/derby-county/,Derby County,/it/teams/?league=14,EFL Championship
/it/team/110827/real-oviedo/,Real Oviedo,/it/teams/?league=54,LaLiga 1 I 2 I 3
/it/team/101041/sivasspor/,Sivasspor,/it/teams/?league=68,Süper Lig
/it/team/112996/lafc/,LAFC,/it/teams/?league=39,MLS
/it/team/101020/kayserispor/,Kayserispor,/it/teams/?league=68,Süper Lig
/it/team/68/fc-metz/,FC Metz,/it/teams/?league=17,Domino's Ligue 2
/it/team/670/sp-charleroi/,Sp. Charleroi,/it/teams/?league=4,Pro League
/it/team/206/hellas-verona/,Hellas Verona,/it/teams/?league=32,Calcio B
/it/team/112001/am%C3%A9rica/,América,/it/teams/?league=7,Liga do Brasil
/it/team/744/rio-ave/,Rio Ave,/it/teams/?league=308,Liga NOS
/it/team/110832/granada-cf/,Granada CF,/it/teams/?league=54,LaLiga 1 I 2 I 3
/it/team/1843/palermo/,Palermo,/it/teams/?league=32,Calcio B
/it/team/112026/benevento/,Benevento,/it/teams/?league=32,Calcio B
/it/team/1831/union-berlino/,Union Berlino,/it/teams/?league=20,Bundesliga 2
/it/team/101033/konyaspor/,Konyaspor,/it/teams/?league=68,Süper Lig
/it/team/1807/sheffield-wed/,Sheffield Wed.,/it/teams/?league=14,EFL Championship
/it/team/1889/os-belenenses/,Os Belenenses,/it/teams/?league=308,Liga NOS
/it/team/1898/boavista/,Boavista,/it/teams/?league=308,Liga NOS
/it/team/687/columbus-crew/,Columbus Crew,/it/teams/?league=39,MLS
/it/team/1598/bahia/,Bahia,/it/teams/?league=7,Liga do Brasil
/it/team/1854/albacete/,Albacete,/it/teams/?league=54,LaLiga 1 I 2 I 3
/it/team/819/fc-copenaghen/,FC Copenaghen,/it/teams/?league=1,Superliga
/it/team/112476/chapecoense/,Chapecoense,/it/teams/?league=7,Liga do Brasil
/it/team/267/sparta-praga/,Sparta Praga,/it/teams/?league=76,Resto del mondo
/it/team/693/chicago-fire/,Chicago Fire,/it/teams/?league=39,MLS
/it/team/1881/u-n-a-m/,U.N.A.M.,/it/teams/?league=341,LIGA Bancomer MX
/it/team/160/bochum/,Bochum,/it/teams/?league=20,Bundesliga 2
/it/team/111138/minnesota-united/,Minnesota United,/it/teams/?league=39,MLS
/it/team/1925/brentford/,Brentford,/it/teams/?league=14,EFL Championship
/it/team/110152/puebla/,Puebla,/it/teams/?league=341,LIGA Bancomer MX
/it/team/111139/impact-montr%C3%A9al/,Impact Montréal,/it/teams/?league=39,MLS
/it/team/1919/bristol-city/,Bristol City,/it/teams/?league=14,EFL Championship
/it/team/88/birmingham-city/,Birmingham City,/it/teams/?league=14,EFL Championship
/it/team/111140/portland-timbers/,Portland Timbers,/it/teams/?league=39,MLS
/it/team/110329/fc-st-pauli/,FC St. Pauli,/it/teams/?league=20,Bundesliga 2
/it/team/190/brescia/,Brescia,/it/teams/?league=32,Calcio B
/it/team/111730/kawasaki-front/,Kawasaki Front,/it/teams/?league=349,Meiji Yasuda J1
/it/team/10031/portimonense-sc/,Portimonense SC,/it/teams/?league=308,Liga NOS
/it/team/112828/new-york-city-fc/,New York City FC,/it/teams/?league=39,MLS
/it/team/113259/yeni-malatyaspor/,Yeni Malatyaspor,/it/teams/?league=68,Süper Lig
/it/team/1801/preston/,Preston,/it/teams/?league=14,EFL Championship
/it/team/320/malm%C3%B6-ff/,Malmö FF,/it/teams/?league=56,Allsvenskan
/it/team/111715/tigre/,Tigre,/it/teams/?league=353,SAF
/it/team/112670/talleres/,Talleres,/it/teams/?league=353,SAF
/it/team/15005/zulte-waregem/,Zulte-Waregem,/it/teams/?league=4,Pro League
/it/team/110831/cd-lugo/,CD Lugo,/it/teams/?league=54,LaLiga 1 I 2 I 3
/it/team/1793/reading/,Reading,/it/teams/?league=14,EFL Championship
/it/team/680/sint-truiden/,Sint-Truiden,/it/teams/?league=4,Pro League
/it/team/199/perugia/,Perugia,/it/teams/?league=32,Calcio B
/it/team/110150/quer%C3%A9taro/,Querétaro,/it/teams/?league=341,LIGA Bancomer MX
/it/team/111057/sport/,Sport,/it/teams/?league=7,Liga do Brasil
/it/team/298/rosenborg-bk/,Rosenborg BK,/it/teams/?league=41,Eliteserien
/it/team/1516/fc-midtjylland/,FC Midtjylland,/it/teams/?league=1,Superliga
/it/team/518/chaves/,Chaves,/it/teams/?league=308,Liga NOS
/it/team/101100/atl-nacional/,Atl. Nacional,/it/teams/?league=336,Liga Dimayor
/it/team/1952/hull-city/,Hull City,/it/teams/?league=14,EFL Championship
/it/team/101104/ind-santa-fe/,Ind. Santa Fe,/it/teams/?league=336,Liga Dimayor
/it/team/101083/estudiantes/,Estudiantes,/it/teams/?league=353,SAF
/it/team/15029/uni-de-chile/,Uni. de Chile,/it/teams/?league=335,Camp. Scotiabank
/it/team/112134/philadelphia/,Philadelphia,/it/teams/?league=39,MLS
/it/team/111651/toronto-fc/,Toronto FC,/it/teams/?league=39,MLS
/it/team/1438/santa-clara/,Santa Clara,/it/teams/?league=308,Liga NOS
/it/team/111708/atl%C3%A9tico-tucum%C3%A1n/,Atlético Tucumán,/it/teams/?league=353,SAF
/it/team/111340/akhisarspor/,Akhisarspor,/it/teams/?league=68,Süper Lig
/it/team/260/cd-tenerife/,CD Tenerife,/it/teams/?league=54,LaLiga 1 I 2 I 3
/it/team/111239/fc-ingolstadt/,FC Ingolstadt,/it/teams/?league=20,Bundesliga 2
/it/team/1039/atl-paranaense/,Atl. Paranaense,/it/teams/?league=7,Liga do Brasil
/it/team/110502/sv-darmstadt/,SV Darmstadt,/it/teams/?league=20,Bundesliga 2
/it/team/101007/mke-ankarag%C3%BCc%C3%BC/,MKE Ankaragücü,/it/teams/?league=68,Süper Lig
/it/team/100831/ad-alcorc%C3%B3n/,AD Alcorcón,/it/teams/?league=54,LaLiga 1 I 2 I 3
/it/team/244/real-saragozza/,Real Saragozza,/it/teams/?league=54,LaLiga 1 I 2 I 3
/it/team/1893/mar%C3%ADtimo/,Marítimo,/it/teams/?league=308,Liga NOS
/it/team/111048/paran%C3%A1/,Paraná,/it/teams/?league=7,Liga do Brasil
/it/team/101114/atlas/,Atlas,/it/teams/?league=341,LIGA Bancomer MX
/it/team/112540/shanghai-sipg/,Shanghai SIPG,/it/teams/?league=2012,CSL
/it/team/111768/beijing-guoan/,Beijing Guoan,/it/teams/?league=2012,CSL
/it/team/1871/legia-varsavia/,Legia Varsavia,/it/teams/?league=66,Ekstraklasa
/it/team/694/colorado-rapids/,Colorado Rapids,/it/teams/?league=39,MLS
/it/team/101103/indep-medell%C3%ADn/,Indep. Medellín,/it/teams/?league=336,Liga Dimayor
/it/team/101146/vissel-kobe/,Vissel Kobe,/it/teams/?league=349,Meiji Yasuda J1
/it/team/111674/al-shabab/,Al Shabab,/it/teams/?league=350,Saudi Professional League
/it/team/433/aik/,AIK,/it/teams/?league=56,Allsvenskan
/it/team/111019/argentinos-jrs/,Argentinos Jrs.,/it/teams/?league=353,SAF
/it/team/741/antalyaspor/,Antalyaspor,/it/teams/?league=68,Süper Lig
/it/team/698/houston-dynamo/,Houston Dynamo,/it/teams/?league=39,MLS
/it/team/112168/cosenza/,Cosenza,/it/teams/?league=32,Calcio B
/it/team/110373/salerno/,Salerno,/it/teams/?league=32,Calcio B
/it/team/111575/urawa-red-diam/,Urawa Red Diam.,/it/teams/?league=349,Meiji Yasuda J1
/it/team/111065/real-salt-lake/,Real Salt Lake,/it/teams/?league=39,MLS
/it/team/477/cd-numancia/,CD Numancia,/it/teams/?league=54,LaLiga 1 I 2 I 3
/it/team/159/arminia-bielefeld/,Arminia Bielefeld,/it/teams/?league=20,Bundesliga 2
/it/team/378/stade-brestois/,Stade Brestois,/it/teams/?league=17,Domino's Ligue 2
/it/team/101112/whitecaps-fc/,Whitecaps FC,/it/teams/?league=39,MLS
/it/team/650/ado-den-haag/,ADO Den Haag,/it/teams/?league=10,Eredivisie
/it/team/1477/jeonbuk-hyundai/,Jeonbuk Hyundai,/it/teams/?league=83,K-League 1
/it/team/417/molde-fk/,Molde FK,/it/teams/?league=41,Eliteserien
/it/team/111706/godoy-cruz/,Godoy Cruz,/it/teams/?league=353,SAF
/it/team/110929/kaizer-chiefs/,Kaizer Chiefs,/it/teams/?league=76,Resto del mondo
/it/team/665/v-set%C3%BAbal/,V. Setúbal,/it/teams/?league=308,Liga NOS
/it/team/111235/1-fc-heidenheim/,1. FC Heidenheim,/it/teams/?league=20,Bundesliga 2
/it/team/691/new-england/,New England,/it/teams/?league=39,MLS
/it/team/1913/sc-heerenveen/,sc Heerenveen,/it/teams/?league=10,Eredivisie
/it/team/1891/funchal/,Funchal,/it/teams/?league=308,Liga NOS
/it/team/666/desportivo-aves/,Desportivo Aves,/it/teams/?league=308,Liga NOS
/it/team/111928/sj-earthquakes/,SJ Earthquakes,/it/teams/?league=39,MLS
/it/team/101084/gimnasia/,Gimnasia,/it/teams/?league=353,SAF
/it/team/10030/paderborn/,Paderborn,/it/teams/?league=20,Bundesliga 2
/it/team/1917/wigan-athletic/,Wigan Athletic,/it/teams/?league=14,EFL Championship
/it/team/1028/monarcas-morelia/,Monarcas Morelia,/it/teams/?league=341,LIGA Bancomer MX
/it/team/97/millwall/,Millwall,/it/teams/?league=14,EFL Championship
/it/team/15/qpr/,QPR,/it/teams/?league=14,EFL Championship
/it/team/111722/deportes-tolima/,Deportes Tolima,/it/teams/?league=336,Liga Dimayor
/it/team/110734/crotone/,Crotone,/it/teams/?league=32,Calcio B
/it/team/101105/millonarios/,Millonarios,/it/teams/?league=336,Liga Dimayor
/it/team/1915/fc-groningen/,FC Groningen,/it/teams/?league=10,Eredivisie
/it/team/100081/kv-kortrijk/,KV Kortrijk,/it/teams/?league=4,Pro League
/it/team/112516/cd-tondela/,CD Tondela,/it/teams/?league=308,Liga NOS
/it/team/111707/aldosivi/,Aldosivi,/it/teams/?league=353,SAF
/it/team/111716/uni%C3%B3n/,Unión,/it/teams/?league=353,SAF
/it/team/695/fc-dallas/,FC Dallas,/it/teams/?league=39,MLS
/it/team/254/sk-rapid-vienna/,SK Rapid Vienna,/it/teams/?league=80,Ö. Bundesliga
/it/team/1825/duisburg/,Duisburg,/it/teams/?league=20,Bundesliga 2
/it/team/111434/cremona/,Cremona,/it/teams/?league=32,Calcio B
/it/team/101102/deportivo-cali/,Deportivo Cali,/it/teams/?league=336,Liga Dimayor
/it/team/576/kiel/,Kiel,/it/teams/?league=20,Bundesliga 2
/it/team/200/pescara/,Pescara,/it/teams/?league=32,Calcio B
/it/team/110178/sandhausen/,Sandhausen,/it/teams/?league=20,Bundesliga 2
/it/team/682/kv-oostende/,KV Oostende,/it/teams/?league=4,Pro League
/it/team/110396/newells/,Newell's,/it/teams/?league=353,SAF
/it/team/110404/banfield/,Banfield,/it/teams/?league=353,SAF
/it/team/111724/shandong-luneng/,Shandong Luneng,/it/teams/?league=2012,CSL
/it/team/113160/sagan-tosu/,Sagan Tosu,/it/teams/?league=349,Meiji Yasuda J1
/it/team/112378/dalian-yifang/,Dalian Yifang,/it/teams/?league=2012,CSL
/it/team/1907/willem-ii/,Willem II,/it/teams/?league=10,Eredivisie
/it/team/110145/veracruz/,Veracruz,/it/teams/?league=341,LIGA Bancomer MX
/it/team/983/suwon-bluewings/,Suwon Bluewings,/it/teams/?league=83,K-League 1
/it/team/112093/gamba-osaka/,Gamba Osaka,/it/teams/?league=349,Meiji Yasuda J1
/it/team/453/rcd-mallorca/,RCD Mallorca,/it/teams/?league=54,LaLiga 1 I 2 I 3
/it/team/1861/ud-almer%C3%ADa/,UD Almería,/it/teams/?league=54,LaLiga 1 I 2 I 3
/it/team/100634/heracles-almelo/,Heracles Almelo,/it/teams/?league=10,Eredivisie
/it/team/749/erzurumspor/,Erzurumspor,/it/teams/?league=68,Süper Lig
/it/team/1914/pec-zwolle/,PEC Zwolle,/it/teams/?league=10,Eredivisie
/it/team/1847/ascoli/,Ascoli,/it/teams/?league=32,Calcio B
/it/team/106/sunderland/,Sunderland,/it/teams/?league=60,EFL League One
/it/team/347/lecce/,Lecce,/it/teams/?league=32,Calcio B
/it/team/111560/excel-mouscron/,Excel Mouscron,/it/teams/?league=4,Pro League
/it/team/101147/kashima-antlers/,Kashima Antlers,/it/teams/?league=349,Meiji Yasuda J1
/it/team/112606/orlando-city/,Orlando City,/it/teams/?league=39,MLS
/it/team/1473/ulsan-hyundai/,Ulsan Hyundai,/it/teams/?league=83,K-League 1
/it/team/873/lech-pozna%C5%84/,Lech Poznań,/it/teams/?league=66,Ekstraklasa
/it/team/3/blackburn-rovers/,Blackburn Rovers,/it/teams/?league=14,EFL Championship
/it/team/469/extremadura/,Extremadura,/it/teams/?league=54,LaLiga 1 I 2 I 3
/it/team/252/lask-linz/,LASK Linz,/it/teams/?league=80,Ö. Bundesliga
/it/team/217/fc-lorient/,FC Lorient,/it/teams/?league=17,Domino's Ligue 2
/it/team/111091/lechia-danzica/,Lechia Danzica,/it/teams/?league=66,Ekstraklasa
/it/team/1750/cercle-brugge/,Cercle Brugge,/it/teams/?league=4,Pro League
/it/team/57/aj-auxerre/,AJ Auxerre,/it/teams/?league=17,Domino's Ligue 2
/it/team/110911/foggia/,Foggia,/it/teams/?league=32,Calcio B
/it/team/543/regensburg/,Regensburg,/it/teams/?league=20,Bundesliga 2
/it/team/294/es-troyes-ac/,ES Troyes AC,/it/teams/?league=17,Domino's Ligue 2
/it/team/111035/lobos/,Lobos,/it/teams/?league=341,LIGA Bancomer MX
/it/team/113157/sanf-hiroshima/,Sanf. Hiroshima,/it/teams/?league=349,Meiji Yasuda J1
/it/team/112578/rionegro-%C3%A1guilas/,Rionegro Águilas,/it/teams/?league=336,Liga Dimayor
/it/team/112408/al-wehda/,Al Wehda,/it/teams/?league=350,Saudi Professional League
/it/team/269/br%C3%B8ndby-if/,Brøndby IF,/it/teams/?league=1,Superliga
/it/team/111817/paris-fc/,Paris FC,/it/teams/?league=17,Domino's Ligue 2
/it/team/112534/uni-concepci%C3%B3n/,Uni. Concepción,/it/teams/?league=335,Camp. Scotiabank
/it/team/2013/kas-eupen/,KAS Eupen,/it/teams/?league=4,Pro League
/it/team/82/kilmarnock/,Kilmarnock,/it/teams/?league=50,Scottish Prem
/it/team/110930/orlando-pirates/,Orlando Pirates,/it/teams/?league=76,Resto del mondo
/it/team/634/fortuna-sittard/,Fortuna Sittard,/it/teams/?league=10,Eredivisie
/it/team/503/dinamo-dresda/,Dinamo Dresda,/it/teams/?league=20,Bundesliga 2
/it/team/2007/sport-lokeren/,Sport. Lokeren,/it/teams/?league=4,Pro League
/it/team/468/elche-cf/,Elche CF,/it/teams/?league=54,LaLiga 1 I 2 I 3
/it/team/112429/guangzhou-r-f/,Guangzhou R&F,/it/teams/?league=2012,CSL
/it/team/110066/rayo/,Rayo,/it/teams/?league=54,LaLiga 1 I 2 I 3
/it/team/15019/n%C3%A0stic/,Nàstic,/it/teams/?league=54,LaLiga 1 I 2 I 3
/it/team/110912/padova/,Padova,/it/teams/?league=32,Calcio B
/it/team/64/rc-lens/,RC Lens,/it/teams/?league=17,Domino's Ligue 2
/it/team/165/f%C3%BCrth/,Fürth,/it/teams/?league=20,Bundesliga 2
/it/team/111993/cittadella/,Cittadella,/it/teams/?league=32,Calcio B
/it/team/101121/necaxa/,Necaxa,/it/teams/?league=341,LIGA Bancomer MX
/it/team/10019/cd-feirense/,CD Feirense,/it/teams/?league=308,Liga NOS
/it/team/256/fk-austria-wien/,FK Austria Wien,/it/teams/?league=80,Ö. Bundesliga
/it/team/77/aberdeen/,Aberdeen,/it/teams/?league=50,Scottish Prem
/it/team/111022/belgrano/,Belgrano,/it/teams/?league=353,SAF
/it/team/110741/la-spezia/,La Spezia,/it/teams/?league=32,Calcio B
/it/team/506/erzgebirge-aue/,Erzgebirge Aue,/it/teams/?league=20,Bundesliga 2
/it/team/110588/magdeburgo/,Magdeburgo,/it/teams/?league=20,Bundesliga 2
/it/team/94/ipswich-town/,Ipswich Town,/it/teams/?league=14,EFL Championship
/it/team/4/bolton/,Bolton,/it/teams/?league=14,EFL Championship
/it/team/110581/patronato/,Patronato,/it/teams/?league=353,SAF
/it/team/110770/fc-sion/,FC Sion,/it/teams/?league=189,RSL
/it/team/111059/cear%C3%A1-sc/,Ceará SC,/it/teams/?league=7,Liga do Brasil
/it/team/101106/once-caldas/,Once Caldas,/it/teams/?league=336,Liga Dimayor
/it/team/112162/jiangsu-suning/,Jiangsu Suning,/it/teams/?league=2012,CSL
/it/team/110745/jagiellonia/,Jagiellonia,/it/teams/?league=66,Ekstraklasa
/it/team/112978/hebei-cffc/,Hebei CFFC,/it/teams/?league=2012,CSL
/it/team/112523/la-equidad/,La Equidad,/it/teams/?league=336,Liga Dimayor
/it/team/80/hearts/,Hearts,/it/teams/?league=50,Scottish Prem
/it/team/708/hammarby-if/,Hammarby IF,/it/teams/?league=56,Allsvenskan
/it/team/111399/perth-glory/,Perth Glory,/it/teams/?league=351,Hyundai A-League
/it/team/101150/fc-tokyo/,FC Tokyo,/it/teams/?league=349,Meiji Yasuda J1
/it/team/614/ac-ajaccio/,AC Ajaccio,/it/teams/?league=17,Domino's Ligue 2
/it/team/81/hibernian/,Hibernian,/it/teams/?league=50,Scottish Prem
/it/team/112535/uni%C3%B3n-la-calera/,Unión La Calera,/it/teams/?league=335,Camp. Scotiabank
/it/team/112584/everton-de-vi%C3%B1a/,Everton de Viña,/it/teams/?league=335,Camp. Scotiabank
/it/team/111400/sydney-fc/,Sydney FC,/it/teams/?league=351,Hyundai A-League
/it/team/111397/melbourne-vic/,Melbourne Vic.,/it/teams/?league=351,Hyundai A-League
/it/team/205/venezia/,Venezia,/it/teams/?league=32,Calcio B
/it/team/110456/valenciennes-fc/,Valenciennes FC,/it/teams/?league=17,Domino's Ligue 2
/it/team/702/ifk-norrk%C3%B6ping/,IFK Norrköping,/it/teams/?league=56,Allsvenskan
/it/team/1815/clermont-foot/,Clermont Foot,/it/teams/?league=17,Domino's Ligue 2
/it/team/1923/luton-town/,Luton Town,/it/teams/?league=60,EFL League One
/it/team/1738/le-havre-ac/,Le Havre AC,/it/teams/?league=17,Domino's Ligue 2
/it/team/112533/cd-antofagasta/,CD Antofagasta,/it/teams/?league=335,Camp. Scotiabank
/it/team/110913/waasl-beveren/,Waasl. Beveren,/it/teams/?league=4,Pro League
/it/team/101151/yokohama-f-m/,Yokohama F. M.,/it/teams/?league=349,Meiji Yasuda J1
/it/team/101148/cerezo-osaka/,Cerezo Osaka,/it/teams/?league=349,Meiji Yasuda J1
/it/team/711/bk-h%C3%A4cken/,BK Häcken,/it/teams/?league=56,Allsvenskan
/it/team/1904/nac-breda/,NAC Breda,/it/teams/?league=10,Eredivisie
/it/team/167/kfc-uerdingen/,KFC Uerdingen,/it/teams/?league=2076,3. Liga
/it/team/112393/al-taawoun/,Al Taawoun,/it/teams/?league=350,Saudi Professional League
/it/team/100651/vvv-venlo/,VVV-Venlo,/it/teams/?league=10,Eredivisie
/it/team/919/sk-brann/,SK Brann,/it/teams/?league=41,Eliteserien
/it/team/1797/rotherham-utd/,Rotherham Utd,/it/teams/?league=14,EFL Championship
/it/team/112096/al-ettifaq-club/,Al-Ettifaq Club,/it/teams/?league=350,Saudi Professional League
/it/team/1823/as-nancy/,AS Nancy,/it/teams/?league=17,Domino's Ligue 2
/it/team/112092/nagoya-grampus/,Nagoya Grampus,/it/teams/?league=349,Meiji Yasuda J1
/it/team/1478/jeju-united/,Jeju United,/it/teams/?league=83,K-League 1
/it/team/226/fc-sochaux/,FC Sochaux,/it/teams/?league=17,Domino's Ligue 2
/it/team/110746/pogo%C5%84-stettino/,Pogoń Stettino,/it/teams/?league=66,Ekstraklasa
/it/team/209/sk-sturm-graz/,SK Sturm Graz,/it/teams/?league=80,Ö. Bundesliga
/it/team/111713/san-mart%C3%ADn/,San Martín,/it/teams/?league=353,SAF
/it/team/1932/barnsley/,Barnsley,/it/teams/?league=60,EFL League One
/it/team/89/charlton-athl/,Charlton Athl.,/it/teams/?league=60,EFL League One
/it/team/272/odense-bk/,Odense BK,/it/teams/?league=1,Superliga
/it/team/322/grasshopper/,Grasshopper,/it/teams/?league=189,RSL
/it/team/112409/carpi/,Carpi,/it/teams/?league=32,Calcio B
/it/team/1971/excelsior/,Excelsior,/it/teams/?league=10,Eredivisie
/it/team/1844/livorno/,Livorno,/it/teams/?league=32,Calcio B
/it/team/1867/c%C3%B3rdoba-cf/,Córdoba CF,/it/teams/?league=54,LaLiga 1 I 2 I 3
/it/team/112992/atl-bucaramanga/,Atl. Bucaramanga,/it/teams/?league=336,Liga Dimayor
/it/team/111714/sm-tucum%C3%A1n/,SM Tucumán,/it/teams/?league=353,SAF
/it/team/111328/cd-palestino/,CD Palestino,/it/teams/?league=335,Camp. Scotiabank
/it/team/894/fc-zurigo/,FC Zurigo,/it/teams/?league=189,RSL
/it/team/982/fc-seul/,FC Seul,/it/teams/?league=83,K-League 1
/it/team/112391/al-qadisiyah/,Al Qadisiyah,/it/teams/?league=350,Saudi Professional League
/it/team/112116/cd-ohiggins/,CD O'Higgins,/it/teams/?league=335,Camp. Scotiabank
/it/team/101099/am%C3%A9rica-de-cali/,América de Cali,/it/teams/?league=336,Liga Dimayor
/it/team/820/aalborg-bk/,Aalborg BK,/it/teams/?league=1,Superliga
/it/team/101149/shimizu-s-pulse/,Shimizu S-Pulse,/it/teams/?league=349,Meiji Yasuda J1
/it/team/10032/fc-lugano/,FC Lugano,/it/teams/?league=189,RSL
/it/team/1813/cham-niortais/,Cham. Niortais,/it/teams/?league=17,Domino's Ligue 2
/it/team/1805/grenoble-foot/,Grenoble Foot,/it/teams/?league=17,Domino's Ligue 2
/it/team/112224/melbourne-city/,Melbourne City,/it/teams/?league=351,Hyundai A-League
/it/team/111092/%C5%9Bl%C4%85sk-wroc%C5%82aw/,Śląsk Wrocław,/it/teams/?league=66,Ekstraklasa
/it/team/110955/shanghai-shenhua/,Shanghai Shenhua,/it/teams/?league=2012,CSL
/it/team/112389/al-faisaly/,Al Faisaly,/it/teams/?league=350,Saudi Professional League
/it/team/112392/al-raed/,Al Raed,/it/teams/?league=350,Saudi Professional League
/it/team/113057/al-fayha/,Al Fayha,/it/teams/?league=350,Saudi Professional League
/it/team/110977/uni%C3%B3n-espa%C3%B1ola/,Unión Española,/it/teams/?league=335,Camp. Scotiabank
/it/team/101144/j%C3%BAbilo-iwata/,Júbilo Iwata,/it/teams/?league=349,Meiji Yasuda J1
/it/team/83/motherwell/,Motherwell,/it/teams/?league=50,Scottish Prem
/it/team/1790/portsmouth/,Portsmouth,/it/teams/?league=60,EFL League One
/it/team/635/de-graafschap/,De Graafschap,/it/teams/?league=10,Eredivisie
/it/team/492/wehen/,Wehen,/it/teams/?league=2076,3. Liga
/it/team/112444/h-c-sapporo/,H.C. Sapporo,/it/teams/?league=349,Meiji Yasuda J1
/it/team/271/aarhus-gf/,Aarhus GF,/it/teams/?league=1,Superliga
/it/team/897/fc-lucerna/,FC Lucerna,/it/teams/?league=189,RSL
/it/team/111723/deportivo-pasto/,Deportivo Pasto,/it/teams/?league=336,Liga Dimayor
/it/team/111086/piast-gliwice/,Piast Gliwice,/it/teams/?league=66,Ekstraklasa
/it/team/1788/fc-nordsj%C3%A6lland/,FC Nordsjælland,/it/teams/?league=1,Superliga
/it/team/112579/al-petrolera/,Al. Petrolera,/it/teams/?league=336,Liga Dimayor
/it/team/920/v%C3%A5lerenga-fotball/,Vålerenga Fotball,/it/teams/?league=41,Eliteserien
/it/team/1832/karlsruher-sc/,Karlsruher SC,/it/teams/?league=2076,3. Liga
/it/team/710/djurg%C3%A5rdens-if/,Djurgårdens IF,/it/teams/?league=56,Allsvenskan
/it/team/1475/jeonnam-dragons/,Jeonnam Dragons,/it/teams/?league=83,K-League 1
/it/team/100628/emmen/,Emmen,/it/teams/?league=10,Eredivisie
/it/team/112115/gangwon-fc/,Gangwon FC,/it/teams/?league=83,K-League 1
/it/team/110316/gfc-ajaccio/,GFC Ajaccio,/it/teams/?league=17,Domino's Ligue 2
/it/team/113173/%C3%B6stersunds-fk/,Östersunds FK,/it/teams/?league=56,Allsvenskan
/it/team/487/osnabr%C3%BCck/,Osnabrück,/it/teams/?league=2076,3. Liga
/it/team/1951/oxford-utd/,Oxford Utd,/it/teams/?league=60,EFL League One
/it/team/1949/scunthorpe-utd/,Scunthorpe Utd,/it/teams/?league=60,EFL League One
/it/team/1474/pohang-steelers/,Pohang Steelers,/it/teams/?league=83,K-League 1
/it/team/111395/brisbane-roar/,Brisbane Roar,/it/teams/?league=351,Hyundai A-League
/it/team/111774/tianjin-teda/,Tianjin TEDA,/it/teams/?league=2012,CSL
/it/team/112427/ws-wanderers/,WS Wanderers,/it/teams/?league=351,Hyundai A-League
/it/team/420/g%C3%B3rnik-zabrze/,Górnik Zabrze,/it/teams/?league=66,Ekstraklasa
/it/team/111766/well-phoenix/,Well. Phoenix,/it/teams/?league=351,Hyundai A-League
/it/team/101145/kashiwa-reysol/,Kashiwa Reysol,/it/teams/?league=349,Meiji Yasuda J1
/it/team/922/str%C3%B8msgodset-if/,Strømsgodset IF,/it/teams/?league=41,Eliteserien
/it/team/142/doncaster/,Doncaster,/it/teams/?league=60,EFL League One
/it/team/822/vejle-boldklub/,Vejle Boldklub,/it/teams/?league=1,Superliga
/it/team/110597/sv-meppen/,SV Meppen,/it/teams/?league=2076,3. Liga
/it/team/212/ch%C3%A2teauroux/,Châteauroux,/it/teams/?league=17,Domino's Ligue 2
/it/team/2045/innsbruck/,Innsbruck,/it/teams/?league=80,Ö. Bundesliga
/it/team/1569/wis%C5%82a-p%C5%82ock/,Wisła Płock,/it/teams/?league=66,Ekstraklasa
/it/team/113219/ohod-club/,Ohod Club,/it/teams/?league=350,Saudi Professional League
/it/team/172/unterhaching/,Unterhaching,/it/teams/?league=2076,3. Liga
/it/team/112983/tianjin-quanjian/,Tianjin Quanjian,/it/teams/?league=2012,CSL
/it/team/112655/curic%C3%B3-unido/,Curicó Unido,/it/teams/?league=335,Camp. Scotiabank
/it/team/2056/daegu-fc/,Daegu FC,/it/teams/?league=83,K-League 1
/it/team/111588/gyeongnam-fc/,Gyeongnam FC,/it/teams/?league=83,K-League 1
/it/team/1938/peterborough/,Peterborough,/it/teams/?league=60,EFL League One
/it/team/110747/cracovia/,Cracovia,/it/teams/?league=66,Ekstraklasa
/it/team/700/if-elfsborg/,IF Elfsborg,/it/teams/?league=56,Allsvenskan
/it/team/111822/wolfsberger-ac/,Wolfsberger AC,/it/teams/?league=80,Ö. Bundesliga
/it/team/111327/cd-huachipato/,CD Huachipato,/it/teams/?league=335,Camp. Scotiabank
/it/team/29/kaiserslautern/,Kaiserslautern,/it/teams/?league=2076,3. Liga
/it/team/112531/depor-iquique/,Depor. Iquique,/it/teams/?league=335,Camp. Scotiabank
/it/team/110500/braunschweig/,Braunschweig,/it/teams/?league=2076,3. Liga
/it/team/112505/mied%C5%BA-legnica/,Miedź Legnica,/it/teams/?league=66,Ekstraklasa
/it/team/1798/mk-dons/,MK Dons,/it/teams/?league=61,EFL League Two
/it/team/100804/st-johnstone/,St. Johnstone,/it/teams/?league=50,Scottish Prem
/it/team/1596/gif-sundsvall/,GIF Sundsvall,/it/teams/?league=56,Allsvenskan
/it/team/898/fc-san-gallo/,FC San Gallo,/it/teams/?league=189,RSL
/it/team/1940/mansfield-town/,Mansfield Town,/it/teams/?league=61,EFL League Two
/it/team/127/shrewsbury/,Shrewsbury,/it/teams/?league=60,EFL League One
/it/team/112903/jaguares/,Jaguares,/it/teams/?league=336,Liga Dimayor
/it/team/111273/red-star-fc/,Red Star FC,/it/teams/?league=17,Domino's Ligue 2
/it/team/111082/arka-gdynia/,Arka Gdynia,/it/teams/?league=66,Ekstraklasa
/it/team/110749/zag%C5%82%C4%99bie-lubin/,Zagłębie Lubin,/it/teams/?league=66,Ekstraklasa
/it/team/1456/odds-bk/,Odds BK,/it/teams/?league=41,Eliteserien
/it/team/27/hansa-rostock/,Hansa Rostock,/it/teams/?league=2076,3. Liga
/it/team/111821/admira-wacker/,Admira Wacker,/it/teams/?league=80,Ö. Bundesliga
/it/team/15009/scr-altach/,SCR Altach,/it/teams/?league=80,Ö. Bundesliga
/it/team/112390/al-fateh/,Al Fateh,/it/teams/?league=350,Saudi Professional League
/it/team/1785/sv-mattersburg/,SV Mattersburg,/it/teams/?league=80,Ö. Bundesliga
/it/team/112276/us-orl%C3%A9ans/,US Orléans,/it/teams/?league=17,Domino's Ligue 2
/it/team/112260/fleetwood-town/,Fleetwood Town,/it/teams/?league=60,EFL League One
/it/team/1804/bradford-city/,Bradford City,/it/teams/?league=60,EFL League One
/it/team/149/lincoln-city/,Lincoln City,/it/teams/?league=61,EFL League Two
/it/team/110197/w%C3%BCrzburg-kickers/,Würzburg. Kickers,/it/teams/?league=2076,3. Liga
/it/team/1929/plymouth-argyle/,Plymouth Argyle,/it/teams/?league=60,EFL League One
/it/team/319/ifk-g%C3%B6teborg/,IFK Göteborg,/it/teams/?league=56,Allsvenskan
/it/team/1954/southend-utd/,Southend Utd,/it/teams/?league=60,EFL League One
/it/team/550/vfr-aalen/,VfR Aalen,/it/teams/?league=2076,3. Liga
/it/team/113222/al-hazem/,Al Hazem,/it/teams/?league=350,Saudi Professional League
/it/team/110482/hallescher-fc/,Hallescher FC,/it/teams/?league=2076,3. Liga
/it/team/1786/randers-fc/,Randers FC,/it/teams/?league=1,Superliga
/it/team/111393/adelaide-united/,Adelaide United,/it/teams/?league=351,Hyundai A-League
/it/team/1873/wis%C5%82a-cracovia/,Wisła Cracovia,/it/teams/?league=66,Ekstraklasa
/it/team/113948/b%C3%A9ziers/,Béziers,/it/teams/?league=17,Domino's Ligue 2
/it/team/112199/sarpsborg-08-ff/,Sarpsborg 08 FF,/it/teams/?league=41,Eliteserien
/it/team/112527/patriotas/,Patriotas,/it/teams/?league=336,Liga Dimayor
/it/team/112165/chongqing-swm/,Chongqing SWM,/it/teams/?league=2012,CSL
/it/team/1715/fc-thun/,FC Thun,/it/teams/?league=189,RSL
/it/team/111779/henan-jianye/,Henan Jianye,/it/teams/?league=2012,CSL
/it/team/837/dundalk/,Dundalk,/it/teams/?league=65,SSE Airtricity Lge
/it/team/15015/burton-albion/,Burton Albion,/it/teams/?league=60,EFL League One
/it/team/111083/korona-kielce/,Korona Kielce,/it/teams/?league=66,Ekstraklasa
/it/team/112990/al-batin/,Al Batin,/it/teams/?league=350,Saudi Professional League
/it/team/917/stab%C3%A6k-fotball/,Stabæk Fotball,/it/teams/?league=41,Eliteserien
/it/team/111398/newcastle-jets/,Newcastle Jets,/it/teams/?league=351,Hyundai A-League
/it/team/1802/gillingham/,Gillingham,/it/teams/?league=60,EFL League One
/it/team/112537/beijing-renhe/,Beijing Renhe,/it/teams/?league=2012,CSL
/it/team/435/neuch%C3%A2tel-xamax/,Neuchâtel Xamax,/it/teams/?league=189,RSL
/it/team/180/dundee-fc/,Dundee FC,/it/teams/?league=50,Scottish Prem
/it/team/110765/incheon-united/,Incheon United,/it/teams/?league=83,K-League 1
/it/team/112977/guizhou-hengfeng/,Guizhou Hengfeng,/it/teams/?league=2012,CSL
/it/team/705/%C3%B6rebro-sk/,Örebro SK,/it/teams/?league=56,Allsvenskan
/it/team/1945/bury/,Bury,/it/teams/?league=61,EFL League Two
/it/team/1926/blackpool/,Blackpool,/it/teams/?league=60,EFL League One
/it/team/113459/kristiansund/,Kristiansund,/it/teams/?league=41,Eliteserien
/it/team/1447/s%C3%B8nderjyske/,SønderjyskE,/it/teams/?league=1,Superliga
/it/team/1439/kalmar-ff/,Kalmar FF,/it/teams/?league=56,Allsvenskan
/it/team/1962/bristol-rovers/,Bristol Rovers,/it/teams/?league=60,EFL League One
/it/team/1933/wycombe/,Wycombe,/it/teams/?league=60,EFL League One
/it/team/621/livingston/,Livingston,/it/teams/?league=50,Scottish Prem
/it/team/110700/sportfreunde-lotte/,Sportfreunde Lotte,/it/teams/?league=2076,3. Liga
/it/team/1935/colchester/,Colchester,/it/teams/?league=61,EFL League Two
/it/team/113458/ik-sirius/,IK Sirius,/it/teams/?league=56,Allsvenskan
/it/team/112075/skn-st-p%C3%B6lten/,SKN St. Pölten,/it/teams/?league=80,Ö. Bundesliga
/it/team/111660/vendsyssel/,Vendsyssel,/it/teams/?league=1,Superliga
/it/team/33/monaco-1860/,Monaco 1860,/it/teams/?league=2076,3. Liga
/it/team/110169/fortuna-colonia/,Fortuna Colonia,/it/teams/?league=2076,3. Liga
/it/team/112836/vegalta-sendai/,Vegalta Sendai,/it/teams/?league=349,Meiji Yasuda J1
/it/team/113161/shonan-bellmare/,Shonan Bellmare,/it/teams/?league=349,Meiji Yasuda J1
/it/team/1445/esbjerg-fb/,Esbjerg fB,/it/teams/?league=1,Superliga
/it/team/101097/audax-italiano/,Audax Italiano,/it/teams/?league=335,Camp. Scotiabank
/it/team/1800/coventry-city/,Coventry City,/it/teams/?league=60,EFL League One
/it/team/531/preu%C3%9Fen-m%C3%BCnster/,Preußen Münster,/it/teams/?league=2076,3. Liga
/it/team/1803/walsall/,Walsall,/it/teams/?league=60,EFL League One
/it/team/110592/fsv-zwickau/,FSV Zwickau,/it/teams/?league=2076,3. Liga
/it/team/1955/rochdale/,Rochdale,/it/teams/?league=60,EFL League One
/it/team/1446/ac-horsens/,AC Horsens,/it/teams/?league=1,Superliga
/it/team/112526/envigado/,Envigado,/it/teams/?league=336,Liga Dimayor
/it/team/112709/deportes-temuco/,Deportes Temuco,/it/teams/?league=335,Camp. Scotiabank
/it/team/110313/accrington/,Accrington,/it/teams/?league=60,EFL League One
/it/team/111379/s-gro%C3%9Faspach/,S. Großaspach,/it/teams/?league=2076,3. Liga
/it/team/110591/carl-zeiss-jena/,Carl Zeiss Jena,/it/teams/?league=2076,3. Liga
/it/team/112425/hobro-ik/,Hobro IK,/it/teams/?league=1,Superliga
/it/team/162/energie-cottbus/,Energie Cottbus,/it/teams/?league=2076,3. Liga
/it/team/561/forest-green/,Forest Green,/it/teams/?league=61,EFL League Two
/it/team/111089/z-sosnowiec/,Z. Sosnowiec,/it/teams/?league=66,Ekstraklasa
/it/team/2017/tsv-hartberg/,TSV Hartberg,/it/teams/?league=80,Ö. Bundesliga
/it/team/112259/afc-wimbledon/,AFC Wimbledon,/it/teams/?league=60,EFL League One
/it/team/1930/northampton-town/,Northampton Town,/it/teams/?league=61,EFL League Two
/it/team/143/exeter-city/,Exeter City,/it/teams/?league=61,EFL League Two
/it/team/15048/tranmere-rovers/,Tranmere Rovers,/it/teams/?league=61,EFL League Two
/it/team/1757/sandefjord/,Sandefjord,/it/teams/?league=41,Eliteserien
/it/team/112528/atl%C3%A9tico-huila/,Atlético Huila,/it/teams/?league=336,Liga Dimayor
/it/team/1937/notts-county/,Notts County,/it/teams/?league=61,EFL League Two
/it/team/299/lillestr%C3%B8m-sk/,Lillestrøm SK,/it/teams/?league=41,Eliteserien
/it/team/1934/swindon-town/,Swindon Town,/it/teams/?league=61,EFL League Two
/it/team/1463/fk-haugesund/,FK Haugesund,/it/teams/?league=41,Eliteserien
/it/team/111396/central-coast/,Central Coast,/it/teams/?league=351,Hyundai A-League
/it/team/1920/oldham-athletic/,Oldham Athletic,/it/teams/?league=61,EFL League Two
/it/team/100325/hjk-helsinki/,HJK Helsinki,/it/teams/?league=76,Resto del mondo
/it/team/418/troms%C3%B8-il/,Tromsø IL,/it/teams/?league=41,Eliteserien
/it/team/2055/sangju-sangmu/,Sangju Sangmu,/it/teams/?league=83,K-League 1
/it/team/1480/carlisle-utd/,Carlisle Utd,/it/teams/?league=61,EFL League Two
/it/team/1928/port-vale/,Port Vale,/it/teams/?league=61,EFL League Two
/it/team/110890/crawley-town/,Crawley Town,/it/teams/?league=61,EFL League Two
/it/team/1524/ik-start/,IK Start,/it/teams/?league=41,Eliteserien
/it/team/100805/st-mirren/,St. Mirren,/it/teams/?league=50,Scottish Prem
/it/team/112448/v-varen-nagasaki/,V-Varen Nagasaki,/it/teams/?league=349,Meiji Yasuda J1
/it/team/92/grimsby-town/,Grimsby Town,/it/teams/?league=61,EFL League Two
/it/team/112019/boyac%C3%A1-chic%C3%B3/,Boyacá Chicó,/it/teams/?league=336,Liga Dimayor
/it/team/918/fk-bod%C3%B8-glimt/,FK Bodø/Glimt,/it/teams/?league=41,Eliteserien
/it/team/112254/newport-county/,Newport County,/it/teams/?league=61,EFL League Two
/it/team/184/hamilton/,Hamilton,/it/teams/?league=50,Scottish Prem
/it/team/361/stevenage/,Stevenage,/it/teams/?league=61,EFL League Two
/it/team/1936/cheltenham-town/,Cheltenham Town,/it/teams/?league=61,EFL League Two
/it/team/306/shamrock-rovers/,Shamrock Rovers,/it/teams/?league=65,SSE Airtricity Lge
